0,1,2
нереляционными субд,nosql базы данных,1
систем управления базами данных,системах управления базами данных,1
примере субд,система управления базами данных,1
разработке баз данных,реализации бд,1
субд,система управления базами данных,1
объектно-ориентированным программированием,ооп,1
бд,баз данных,1
big data,больших данных,1
использованием ros,применение пакетов ros,1
интеллектуального анализа данных,data mining,1
robot operating system,ros,1
типовых задач оптимизации,классических задач оптимизации,1
особенностей проведения изменений,методов проведения изменений,1
симплекс-метод решения задачи,метод симплексов,1
оценку структуры,другие методы,0
курс посвящен,критерию экономии управления,0
формулировка задачи оптимизации,особенностей проведения изменений,0
важной роли изменений,классификация изменений,0
акты экспертизы,методики экспертизы,0
дискуссия,теме реферата,0
принципы стандартизации,навыки применения знаний,0
высокоуровневый язык программирования,общего назначения python,0
автономных систем,предпосылки возникновения теории управления инновациями,0
работы формирование навыков,эмоций передача,0
организации методов,течение практики магистранты,0
проектирование фильтров свч,цифровой экономики,0
алгоритмов оптимизации,компоненты микросистем исполнения,0
моделей представления,примеры имс кораблей,0
свч фильтры,подготовки магистров,0
систем моделирования,методы исследования свойств клеток,0
